Item,Alias
4/6packyokes,"4/6-packyokes,six-packrings"
4/6packyokes,4/6-packyokes
4/6packyokes,4/6packyokes
"advertisements,signs","advertisements,signs"
aerosolcans,aerosol/spraycans
aerosolcans,aerosolcans
aerosolcans,aerosolcan
aerosolcans,aerosol/speaycansindustry
agriculturaltarpaulinandpackaging,agriculturaltarpaulinandpackaging
alcoholother,paperalcoholpackaging
alcoholother,alcoholother
alcoholother,papercardalcoholpackaging
anchor,anchor
potteryorceramic,potteryorceramic
potteryorceramic,otherceramic/potteryitems(pleasespecifyinotheritembox*)
potteryorceramic,anypotteryorceramic
appliances,appliances
appliances,electricappliances
appliances,appliances:household
appliances,appliances(refigeratorsorwashersetc)
appliances,appliances(refigeratorsorwastersetc)
appliances,appliances&electronics
appliances,"appliances(refrigerators,washers,etc.)"
"appliances,bikes,carts","appliances,bikes,carts"
autoproducts,autoproducts
backpacks&bags,backpacks&bags
bag(grocery),grocerybags(plastic)
bag(grocery),bag(grocery)
bag(grocery),bags(includingsupermarket)
bag(grocery),bags(e.g.shopping)
bag(grocery),bags:grocery/retail(plastic)
bag(grocery),plasticgrocerybags
bag(grocery),retailbag
bag(trash),bags:trash(plastic)
bag(trash),bag(trash)
"bag(zip-lock,produce,other)","bag(zip-lock,produce,other)"
bagends,plasticbagends
bagends,plasticbagcollectiverole;whatremainsfromrip-offplasticbags
baggeddogfaeces,inbags
baggeddogfaeces,baggeddogfaeces
baggeddogfaeces,dogfaecesbag
baggeddogfaeces,dogpoop(bagged)
baggeddogfaeces,bags(cloth)
baggeddogfaeces,bags(burlap/hessian)
bags,bag
bags,bags
bags,paperbags
bags,paperbag
bags,bags(paper)
bags,plasticbags
bags,plasricbags
bags,otherplasticbags
bags,bags(plastic)
bags,plasticbag
baitcontainers,baitcontainerspackaging(plastic)
baitcontainers,baitcontainers
baitcontainers,baitcontainerspackaging(styrofoam)
baitcontainers/crates,baitcontainers/crates
baitcontainers/crates/lures,baitcontainers/crates/lures
baitcontainers/packaging,baitcontainersorpackaging
baitcontainers/packaging,baitcontainers/packaging
baitcontainers/packaging,baircontainersorpackaging
"balloon,tennisball,football,dogtoy","balloon,tennisball,football,dogtoy"
balloons,baloons
balloons,balloons
balloons,latexballoons
balloons,baloon(mylar/latex)/ribbon
balloons,balloons/balloonstring
balloons,"balloons,includingplasticvalves,ribbons,stringsetc."
balloons,balloon
balloons,balloons-mylar
balloons,balloonsand/orstring
balloons,balloonand/orstring
balloons,balloons(latex)
balloons,balloons-latex
balloons,balloons(mylar)
balloonsandballoonsticks,balloonsandballoonsticks
balls,balls
bandages,bandaid
bandages,bandages
"bar,pipe,orwire","metalbar,pipe,orwire"
barrels,barrels
"baskets,crates","baskets,crates"
batteries,householdbatteries
batteries,batteries
batteries,"batteries:aa,aaa,c&d,6v,9v,etc"
batteries,battery
batteries(acidicandalkaline),batteries(acidicandalkaline)
batteries:carorboat,batteries:carorboat
batteries:carorboat,"batteries:aa,aaa,etc."
"beachuserelatedcosmeticbottlesand.containers,e.g.sunblock","beachuserelatedcosmeticbottlesand.containers,e.g.sunblock"
beams/dunnage,beams/dunnage
beerbottle,beerbottle
beercans,beercan
beercans,beercans
beveragebottles,bottle
beveragebottles,glassbeveragebottle
beveragebottles,beveragebottles
beveragebottles,bottles
beveragebottles,bottlesincl.pieces
beveragebottles,otherplasticbottles
beveragebottles,bleach/cleaner/oilbottles
beveragebottles,beveragebottles(glass)
beveragebottles,glassbottle
beveragebottles,glassbottles
beveragebottles,bev.bottles(glass)
beveragebottles,beveragebottles(plastic)
beveragebottles,plasticdrinkbottles
beveragebottles,plasticbottle
beveragebottles,bottles(plastic)
beveragebottles,bev.bottles(plastic)
beveragecans,beveragecans(aluminum)
beveragecans,beveragecans
beveragecans,beveragecans(aluminium)
beveragecans,cans(beverage)
beveragecans,bev.cans
beveragecans,beveragecan
beveragecans,drinkcans
beveragecans,metaldrinkscan
beveragecans,drinkcan
beveragecans,softdrinkcans
beverageconatiners,glass-recyclablebeveragecontainers(crvlabeled)
beverageconatiners,beveragecontainers
beverageconatiners,plastic-recyclablebeveragecontainers(crv-labeled)
blisterpack,blisterpack
boatparts,boatparts
bobbins(fishing),bobbins(fishing)
"bolts,nails,andscrews","bolts,nails,andscrews"
books,books
boots,boots
bottlecaps,cap/lid
bottlecaps,bottlecaps
bottlecaps,bottleorcontainercaps
bottlecaps,bottlecaps&lids
bottlecaps,bottlecaps(plastic)
bottlecaps,plasticcaps
bottlecaps,plasticcapsandlids
bottlecaps,plasticcaps/lidsdrinks
bottlecaps,plasticbottleorcontainercaps
bottlecaps,plasticbottlecaps
bottlecaps,plasticbottlecap
bottlecaps,plasticcaporcontainerlid
"bottlecaps,lids&pulltabs",foambottleseals&tabs
"bottlecaps,lids&pulltabs","bottlecaps,lids&pulltabs"
bottlelabel,bottlelabel
bottleneckrings,plasticringsfrombottlecaps/lids
bottleneckrings,bottleneckrings
bottles&jars,bottle/jars(glass)
bottles&jars,bottles&jars
bottles&jars,glassbottle/jar-other
bottles&jars,"glass(bottle,jar)"
"bottles,etc.>2l",beveragebottles:2litresormore(plastic)
"bottles,etc.>2l","bottles,etc.>2l"
"bottles,etc.>2l",beveragebottles:2litresormore
"bottles:bleach,cleaner",cleanerbottles&containers
"bottles:bleach,cleaner","bottles:bleach,cleaner"
"bottles:bleach,cleaner",bleachorcleanerbottles
"bottles:bleach,cleaner",bleach/cleanerbottles
"bottles:bleach,cleaner",beach&cleanbottles
bottles:oil/lube,oilorlubebottles
bottles:oil/lube,bottles:oil/lube
bottles:oil/lube,oil/lubebottles
bottles<2l,beveragebottles(plastic)2litersorless
bottles<2l,bottles<2l
bottles<2l,beveragebottles:lessthan2litres(plastic)
bottles<2l,beveragebottles:lessthan2litres
"bricks,cinderblocks,chunksofcement",brick/rubble
"bricks,cinderblocks,chunksofcement","bricks,cinderblocks,chunksofcement"
"bricks,cinderblocks,chunksofcement",aggregate&brick
buckets,buckets
"buckets,drums&jerrycans:2litresormore","buckets,drums,&jerrycans"
"buckets,drums&jerrycans:2litresormore","buckets,drums&jerrycans:2litresormore"
bulkbags,bulkbags
buoys,buoy
buoys,buoys
buoys,buoys(glass)
buoys,glassbuoys
buoys&floats,buoys&floats
buoys&floats,buoys&floats(plastic&foamed)
buoys&floats,floats/buoys
buoys&floats,buoysorfloats
buoys&floats,buoysandfloats
buoys&floats,buoys/floats
buoys&floats,buoyorfloat
cables,cables
cableties,cableties
cans,can-other
cans,cans
cans,tincan
cans,aluminumortincans
cans,alumniumortincans
cans,aluminumcans
cans,aluminumcan
cans,aluminum/tincans
cans,aluminum/tindrinkcans
cans,otheraluminumortincan
cans/tins,cans/tins
caps/lids,capslids
caps/lids,caps/lids
caps/lids,caps&lids
caps/lids,bottletops
caps/lids,bottlelid
caps/lids,caps&lids(metal)
caps/lids,bottlecaps(metal)
caps/lids,metalbottlecaps
caps/lids,metalcaps/lids
caps/lids,metalbottlecap
caps/lids,caps&lids(plastic)
caps/lids,plasticcaps/lidsunidentified
caps/lids,"plasticcaps/lidschemicals,detergents"
car/boatparts,car/boatparts
cardboard,cardboard(boxes&fragments)
cardboard,cardboard
cardboard,cardboardboxes&fragments
cardboard,corregatedcardboard
cardboardcartons,cartonse.g.tetrapak(other)
cardboardcartons,cardboardcartons
cardboardcartons,cartons/tetrapack(others)
carparts,carparts/carbatteries
carparts,carparts
carparts,cars&carparts
carparts,carparts/batteries
carparts,carscarparts
carparts,carsorcarparts
carparts,endoflifevehicles
carpet&furnishing,carpet&furnishing
carpet(synthetic),carpet
carpet(synthetic),carpet(synthetic)
carts/parts,carts/parts
"cd,cd-box",cds
"cd,cd-box","cd,cd-box"
chemicalsandchemicalcontainers,chemicalsandchemicalcontainers
cigarettebutts,cigarettestubs
cigarettebutts,cigarrettebutts
cigarettebutts,cigarettebutts
cigarettebutts,cigarettes
cigarettebutts,cigaerettes
cigarettebutts,cigarrettes
cigarettebutts,cigarettebutt
cigarettebuttsandfilters,cigarettesorcigarettefilters
cigarettebuttsandfilters,cigarettebuttsandfilters
cigarettebuttsandfilters,cigarettebutts/filters
cigarettebuttsandfilters,cigs&cigfilters
cigarettefilters,papersfilters
cigarettefilters,cigarettefilters
cigarettefilters,filters
cigarettelighters,disposablecigarettelighters
cigarettelighters,cigarettelighters
cigarettelighters,lighters
cigarettelighters,ciglghtrs
cigarettelighters,cigarettelighter
cigarettelighters/tobaccopouches,cigarettelighters/tobaccopackaging
cigarettelighters/tobaccopouches,cigarettelighters/tobaccopouches
cigarettelighters/tobaccopouches,cigarettelighters&packaging
cigarettematerials,cigarettematerials
cigarettematerials,"cigaretts,butts,lighters,packaging"
cigarettepackets,cigarettebox
cigarettepackets,cigarettepackets
cigarettes/cigartips,cigarettes/cigartips
cigartips,cigartips
"cleaner(bottles,containersanddrums)","cleaner(bottles,containersanddrums)"
clothfragments,clothpieces
clothfragments,clothfragments
clothfragments,othercloth
clothfragments,otherfabric
clothfragments,fabricpieces
clothfragments,othetextiles(incl.rags)
clothing,articlesofclothing
clothing,clothing
clothing&shoes,"clothing(clothes,shoes)"
clothing&shoes,clothing&shoes
clothing&shoes,cloth/shoes
clothing&shoes,clothingshoes
clothing&shoes,clothingandshoes
clothing&shoes,clothes/shoes
clothing&shoes,clothes&shoes
"clothing,hats,gloves&towels","clothing,hats,gloves&towels"
clothing/rags,"clothing/rags(clothing,hats,towels)"
clothing/rags,clothing/rags
clothing/shoes/beachtowels,clothing/shoes/beachtowels
clothing/towel/gloves,clothing/towel/gloves
clothing/towels/gloves/shoes,clothing/towels/gloves/shoes
coffeecup,coffeecups
coffeecup,coffeecup
coffeecuplid,coffeelids
coffeecuplid,coffeecuplid
coffeeother,coffeeother
combs/hairbrushes,combs/hairbrushes
combs/hairbrushes/sunglasses,combs/hairbrushes/sunglasses
computerequiptment&otherelectronicdevices,computerequipment&otherelectronicdevices
condoms,condoms(incl.packaging)
condoms,condoms
condoms,condoms(cautionifpickingup!)
"constructionmaterial(brick,cement,pipes)","constructionmaterial(brick,cement,pipes)"
containers/tubes,containers(plastic)
containers/tubes,containers/tubes
containers/tubes,"hdpecontainer(shampoobottles,milkjugs,etc.)"
containers/tubes,glasscontainer
contraceptives,contraceptives
corks,corks
"cosmetics(bottles&containerse.g.sunlotion,shampoo,showergel,deodorant)",othercosmeticbottles&containers
"cosmetics(bottles&containerse.g.sunlotion,shampoo,showergel,deodorant)","cosmetics(bottles&containerse.g.sunlotion,shampoo,showergel,deodorant)"
cottonbudsticks,cottonbuds
cottonbudsticks,cottonbudsticks
cottonbudsticks,cottonbud
cottonbudsticks,earswabs
cover/packaging,cover/packaging
craborlobsterorfishtraps,crab/lobster/fishtrapparts
craborlobsterorfishtraps,craborlobsterorfishtraps
craborlobsterorfishtraps,crab/lobster/fishtraps
craborlobsterorfishtraps,crablobsterfishtraps(metal)
craborlobsterorfishtraps,crablobsterfishtraps(plastic)
crabtrapinneedofremoval,crabtrapinneedofremoval
crabtrapthathasbeenremoved,crabtrapthathasbeenremoved
crates,crates
cratesandcontainers,cratesandcontainers
cratesandcontainers/baskets,"baskets,crates&trays"
cratesandcontainers/baskets,cratesandcontainers/baskets
crisp/sweet/lolly/sandwichwrappers,crisp/sweetpacketsandlollysticks
crisp/sweet/lolly/sandwichwrappers,crisp/sweet/lolly/sandwichwrappers
crisplarge,crisplarge
crisppackets,crisppackets
crisppackets/sweetswrappers,crisppackets/sweetswrappers
crispsmall,crispsmall
cups,cup
cups,cups
cups,cups(includingpolystyrene/foamedplastic)
cups,styrofoamcups
cups,cups&plates(plastic)
cups,plasticcups/plastes/containers
cups,plasticcups/plates
cups,cups/plates(plastic)
cups,cups&plates(paper)
cups,papercups/plates/containers
cups,papercups/plates
cups,cups/plates(paper)
cups,foamorplasticcups
cups,foamcuporcontainer
cups,papercups
cups,plasticcups
cups,plasticcup
cups&plates,cups&plates(foam)
cups&plates,foamcups/plates/containers
cups&plates,foamcups/plates
cups&plates,foamorplasticcupsandplates
cups&plates,styrofoamcups/plates/packaging
"cups,foodtrays,foodwrappers,drinkcontainers","cups,foodtrays&wrappers"
"cups,foodtrays,foodwrappers,drinkcontainers","cups,foodtrays,wrappers,drinkcontainers"
"cups,lids,straws","cups,lids,straws"
"cups,plastes,forks,knives,spoons",cupsorplatesorforksorknivesorspoons
"cups,plastes,forks,knives,spoons","cups,plastes,forks,knives,spoons"
"cups,plastes,forks,knives,spoons","cups,plates,forks,knives,spoons(plastic)"
"cups,plates,tableware,dishes","cups,plates,tableware,dishes(metal)"
"cups,plates,tableware,dishes","cups,plates,tableware,dishes"
"cups,plates,tableware,dishes","cups,plates,tableware,dishes(glass&ceramic)"
"cups,plates,utensils","cups,plates,utensils"
"cups,plates,utensils","tableware(plates,cups&cutlery)"
cupsandcuplids,foamorplasticcups/lids
cupsandcuplids,cupsandcuplids
cutlery/trays,cutleryandtrays
cutlery/trays/straws,cutlery/trays/straws
cutlery/trays/straws/cups,cutlery/trays/straws/cups
cylindricalpellets<5mm,cylindricalpellets<5mm
degradedbag,degradedplasticbag
degradedbottle,degradedplasticbottle
degradedlighters,degradedlighters
degradedstraws,degradedstraws
dentalflossers,dentalflossers
deoderant,deoderant
derelicttraps/trappieces,derelicttraps/trappieces
diapers,plasticdiapers
diapers,diapers
diapers/nappies,diaper/nappy
diapers/nappies,diapers/nappies
diskspellets<5mm,diskspellets<5mm
disposablebbq's,disposablebbq's
disposablebbq's,bbq's(disposable)
disposablefood&beverageware,expandedpolystyrene(eps)disposablefood&beverageware
dogpoop(unbagged),notinbags
dogpoop(unbagged),dogpoop(un-bagged)
dogpoop(unbagged),dogshit
dogwastebags,dogwastebags
drinkbottles<=0.5l,drinkbottles<=0.5l
drinkbottles>0.5l,drinkbottles>0.5l
drinks,drinks
drinks,"drinks(bottles,containersanddrums)"
drugparaphanalia/syringes,drugparaphanalia/syringes
drugs,drugs
drums,drums
drums,conatinerdrums
drums,drum
drums,otherbottles&containers(drums)
drums:55gallon,55-galdrums
drums:55gallon,drums:55gallon
drums:55gallon,55-gallondrums
earplugs,earplugs
electionposters,eleclarge
electionposters,electionposters
energycan,energycan
engineoilbottles&containers<50cm,engineoilcontainersanddrums<50cm
engineoilbottles&containers<50cm,engineoilbottles&containers<50cm
engineoilbottles&containers>50cm,engineoilcontainersanddrums>50cm
engineoilbottles&containers>50cm,engineoilbottles&containers>50cm
e-wastefragments,othere-waste
e-wastefragments,e-wastefragments
facemask,facemask
fastfoodcontainers/cups,fastfoodcontainers/cups
fastfoodcontainers/cups,"containers:fastfood,lunchboxes"
fastfoodcontainers/cups,takeout/awaycontainers(plastic)
fastfoodcontainers/cups,takeout/awaycontainers(foam)
fastfoodcontainers/cups,containers:fastfood
fastfoodcontainers/cups,take-outpackaging
femininehygeneitems,femininehygeneitems
fencing,fencing
fenders,fenders
fertilizer/animalfeedbags,fertiliser/animalfeedbags
fertilizer/animalfeedbags,fertiliser/anima;deefbags
fibreglass/fragments,fibreglassfragments
fibreglass/fragments,fibreglass/fragments
fibreglass/fragments,fibreglass
filament<5mm,filament<5mm
film(think/flexiblee.g.strawwrapper),plasticfilm
film(think/flexiblee.g.strawwrapper),film(thin/flexiblee.g.strawwrapper)
film(think/flexiblee.g.strawwrapper),film-likeplastics(gladwrapandchipbags)
film(think/flexiblee.g.strawwrapper),"plasticfilm,wrapperortape"
filmfragments,filmfragments
films<5mm,films<5mm
filmstrip,filmstrip(movie)
filterbox,filterbox
fintrees(fromfinsforscubadiving),fintrees(fromfinsforscubadiving)
fireworks,fireworkds
fireworks,fireworks
fishaggregatingdevices,fishaggregatingdevices
fishboxes,fishboxes-plastic
fishboxes,fishboxes
fishboxes,fishboxes-expandedpolystyrene
fishhook,fishhookremains
fishhook,fishhook
fishhook,fishinghooks
fishhook,fishinghook
"fishing:lures,rods/poles","fishing:lures,rods/poles"
"fishing:sinkers,lures,hooks","fishing:sinkers,lures,hooks"
"fishingbouys,pots&traps","buoys,crabpots&traps"
"fishingbouys,pots&traps","fishingbuoys,pots&traps"
fishingline,fishingline
fishingline,fishing:line
fishingline,fishingline(monofilament)
fishingline,fishinglines
fishingline(anglers),fishingline(angling)
fishingline(anglers),fishingline(anglers)
fishingline(anglers),fishingline/monofilament(angling)
fishingline(anglers),monofilament/fishingline
fishingline(entangled),fishingline(entangled)
fishingline/net,fishingline/net
fishinglures,fishinglure
fishinglures,fishinglures
fishinglures&line,fishingluresandlines
fishinglures&line,fishinglures&line
fishingluresorlightsticks,fishinglures/lightsticks
fishingluresorlightsticks,fishingluresorlightsticks
fishingnetandnetpieces>50cm,fishingnetandnetpieces>50cm
fishingnets,nets(incl.baitbags)
fishingnets,net
fishingnets,plasticnet
fishingnets,plasticnetornetpieces
fishingnets,plasticrope/netpieces
fishingnets,non-nylonnet
fishingnets,fishingnet&pieces
fishingnets,fishingnets
fishingnets,net(estimatesize)
fishingnets,fishingnet
fishingnets,fishing:nets&piecesofnets
fishingnets,fishinggearnets
fishingnets,fishpot(net)
fishingrelated,otherfishingrelated
fishingrelated,fishingrelated
fishingrelated,otherfishinggear
fishingrelated,"fishingrelated(weights,sinkers,lures,hooks)"
fishingrubbertailbaits&weights,fishingrubbertailbaits&weights
fishingtrapsandpots,fising:traps&pots
fishingtrapsandpots,fishingtrapsandpots
fishingtrapsandpots,fishing:traps&pots
fishingweights,fishingweights
fishingweights/hooks/lures,fishingweights/hooks/lures
fishpot,fishpot
fishpot(eel),fishpot(eel)
fizzydrinkbottle,fizzydrinkbottle
flatpellets<5mm,flatpellets<5mm
flip-flops,flipflop
flip-flops,flip-flops
floats(fishingbuoys)/reels,floatsbuoys(metal)
floats(fishingbuoys)/reels,floats(fishingbuoys)/reels
floats(fishingbuoys)/reels,floatsbuoys(plastic)
floats(fishingbuoys)/reels,plasticbuoys&floats
floats(fishingbuoys)/reels,floatsbuoys(styrofoam)
floats(fishingbuoys)/reels,foambuoys
floatsforfishingnets,floatsforfishingnets
floorcover,floorcover
flowerpots,plasticflowerpots
foil,alumninumfoil
foil,"metal(soft,tinfoil)"
foil,"othermetal,foil"
food,foodwaste(galleywaste)
food,foodwaste
food,foodother
food/beverageware,paperfoodbox
food/beverageware,paperfoodpackaging
food/beverageware,paperfood/beverageware
food/beverageware,plastic/styrofoamtakeawaycontainer
food/beverageware,polystyrenecupsorfoodpacks
foodcans,"cans:food,juice,other(tin)"
foodcans,foodcans
foodcans,cans(food)
foodjars,jars:food(glass)
foodwrappers,foodwrappers
foodwrappers,"foodwrappers(candy,chips,etc.)"
foodwrappers,foodwrappers/packaging
foodwrappers,foodwrappers(paper)
foodwrappers,foodwrappers(plastic)
foodwrappers,plasticfoodwrappers
foodwrappers,plasticfoodwrapper
foodwrappers,otherfoodplastic
foodwrappers,plasticfoodcontainer
foodwrappers,plasticfoodpackaging
foodwrappers,cardboardfoodpackaging
foodwrappers,cardboard:packaging&cartons
foodwrappersorcontainers,foodbag/wrapper
foodwrappersorcontainers,foodwrappersorcontainers
foodwrappersorcontainers,foodandbeveragepackaging
foodwrappersorcontainers,foodcontainers
foodwrappersorcontainers,foodwrappers/containers
foodwrappersorcontainers,foodcontainersincl.fastfoodcontainers
football,football
forsaleposters,forsaleposters
fragments,foampieces
fragments,foamfragments
fragments,foamedplasticfragments
fragments,misc.items/pieces
fragments,foameduserplastics
fragments,otherfoam
fragments,foampieces(5mm-2.5cm)
fragments,foampieces(2.5cm-10cm)
fragments,foamedplastic<5mm
fragments,foampieces(5mmorless)
fragments,foameduserplastic(>1mm)
fragments,fragmentsofsoftplastic
fragments,othersoftplastics
fragments,glassorceramicfragments>2.5cm
fragments,glasspieces(2.5cm-10cm)
fragments,glasspieces(5mmorless)
fragments,glasspieces(5mm-2.5cm)
fragments,glass&ceramicfragments
fragments,glassorceramicfragments
fragments,glassfragments
fragments,glasspieces
fragments,otherglass
fragments,glasspiece(unid.)
fragments,brokenglass
fragments,otherglass(commentreq.)
fragments,piecesofglass
fragments,hardplastic
fragments,hardplasticfragments
fragments,hardplasticpackaging
fragments,fragmentsofhardplastic
fragments,metalfragments
fragments,metalpiece(unid.)
fragments,metalpieces
fragments,othermetal
fragments,metaldebris
fragments,metalfragments(unidentified)
fragments,mental
fragments,metalobject
fragments,metalitems
fragments,metal(hard)
fragments,microplastics
fragments,endofmicoplasticsampling
fragments,microplastic
fragments,0microplasticpieces
fragments,lessthan100microplasticpieces
fragments,othermetalpieces<50cm
fragments,othermetalpieces<50cm(pleasespecifyinotheritembox*)
fragments,othermetalpieces>50cm
fragments,othermetalpieces>50cm(pleasespecifyinotheritembox*)
fragments,paper/cardboardfragments
fragments,paperandcardboard
fragments,paper/cardboard
fragments,bulkpaperandcardboard
fragments,piece
fragments,other(metal)
furniture,furnishing
furniture,furniture
furniture,furnishings
furniture,furnishings(plastic)
furniture,furnishings(wood)
"gasbottles,drums&buckets(>4l)","gasbottles/cylinder,drums:morethan4litres"
"gasbottles,drums&buckets(>4l)","gasbottles,drums&buckets(>4l)"
"gasbottles,drums&buckets(>4l)","gasbottles/cylinder,drums"
"gasbottles,drums&buckets(>4l)","gasbottles,drums&buckets"
gloves,gloves(heavyduty)
gloves,gloves
gloves,gloves(indutrial/professionalgloves)
gloves,gloves(latex)
gloves,gloves(lightweight)
gloves,gloves(typicalwashingupgloves)
gloves,gloves(washingup)
gloves,gloves(non-rubber)
gloves,gloves(cloth)
gloves,gloves(textile)
gloves,gloves(non-rubber/cloth)
gloves,gloves(rubber)
gloves,gloves(plastic)
gloves,rubbergloves
gloves,rubberglove
gloves,gloves(industrial/professionalrubbergloves)
golfball,golfball
granules<5mm,granules<5mm
hairtie,hairtie
hardhats,hardhats/helmets
hardhats,hardhats
hardhats,cardboardandpaper
hardhats,plastic/polystyrenepieces>50cm
hardhats,plastic/polystyrenepieces0-2.5cm
hardhats,"plastic/polystyrenepieces0-2,5cm"
hardhats,plastic/polystyrenepieces2.5cm><50cm
hardhats,"plastic/polystyrenepieces2,5cm><50cm"
hardhats,polystyrenepieces<50cm
hardhats,polystyrene(small;<50cm)
hardhats,polyurethanegranules<5mm
hardhats,plasticpieces(5mmorless)
hardhats,plasticpieces(5mm-2.5cm)
hardhats,plasticpieces>50cm
hardhats,plasticpieces2.5cm><50cm
hardhats,plasticorfoampieces
hardhats,plasticpieces(2.5cm-10cm)
hardhats,plasticfragments
hardhats,plasticpieces
hardhats,plasticpiece(unid.)
hardhats,plasticfragments(>1mm)
hardhats,plasticfragmentsangular<5mm
hardhats,plasticfragmentsrounded<5mm
hardhats,plasticfragments(large;>2.5cm)
hardhats,plasticpieces>2.5cm
hardhats,plasticfragmentssubangular<5mm
hardhats,plasticfragments(small;<2.5cm)
hardhats,plasticpieces<2.5cm
hardhats,plasticpieces0-2.5cm
hardhats,plasticfragmentssubrounded<5mm
hardhats,plasticnurdles
hardhats,plasticorfoamfragments
hardhats,rubberfragments
hardhats,otherrubberpieces
hardhats,rubberpieces
hardhats,otherrubber
hardhats,rubberdebris
hardhats,otherrubberitems
hardhats,rubberpieces<50cm
hardhats,woodfragments
hardhats,woodpieces
hardhats,woodpieces(nottwigsetc.)
hardhats,wood(processed)
hardhats,processedtimber
hardhats,otherwood
hardhats,processedtimber&palletcrates
homefoodpackaging,homefoodpackaging
hooksettdisks,hooksettdisks
"ice-creamsticks,chipforks,chopsticks,toothpicks","ice-creamsticks,chipforks,chopsticks,toothpicks"
icelollysticks/chipforks,icelollysticks/chipforks
iceteabottles,iceteabottles
iceteacan,iceteacan
industrialpackaging/crates/sheeting,industrialpackaging/crates/sheeting
industrialpellets,industrialplasticpellets
industrialpellets,industrialpellets
inhaler,inhaler
injectionguncontainers,injectionguncontainers
inner-tubes&rubbersheets,inner-tubesandrubbersheet
inner-tubes&rubbersheets,inner-tubes&rubbersheets
insulation&packaging,foaminsulation&packaging
insulation&packaging,foam/sponge/insulation
insulation&packaging,foampackaging/insulation/polyurethane
insulation&packaging,polystyreneinsulationorpackaging
jarsincl.pieces,jar
jarsincl.pieces,jarsincl.pieces
jarsincl.pieces,jars
jarsincl.pieces,ceramicjars
jarsincl.pieces,glassjar
jarsincl.pieces,glassjars
jarsincl.pieces,glassjarlid
jerrycans(squareplasticcontainerswithhandle),jerrycans(squareplasticcontainerswithhandle)
juicebottles,juicebottles
juicecarton,carton/tetrapack.(e.g.fruitjuice)
juicecarton,juicecartons
juicecarton,juicebox/coatedpaperboard
juicepacket,juicepacket
juicescans,juicescans
largedebrisitems,misc.largedebris
largedebrisitems,largeobjects(specify)
largedebrisitems,"largepieces(carpets,etc)"
largedebrisitems,largeglassobjects(specify)
largedebrisitems,largemetallicobjects
lids,lids(plastic)
lids,plasticlid
lids,plasticlids
lids,plasticcuptops
lids,"plasticlids(coffee,jars+)"
lids,"plasticlids:coffee,jars,etc."
lightbulbs/tubes,lightbulbs/tubes
lightbulbs/tubes,lightbulbs
lightbulbs/tubes,lightbulbsortubes
lightbulbs/tubes,fluorescentlighttubes
"lightglobes:bulbs,etc",lightglobes/bulbs
"lightglobes:bulbs,etc","lightglobes:bulbs,etc."
"lightglobes:bulbs,etc","lightglobes:bulbs,etc"
lightsticks(tubeswithfluid),lightsticks(tubeswithfluid)incl.packaging
lightsticks(tubeswithfluid),lightsticks(tubeswithfluid)
lightsticks(tubeswithfluid),lightsticks/cyalumes
liquorbottles,spiritbottle
liquorbottles,liquorbottles
lobster/crabpots&tops,crab/lobsterpots
lobster/crabpots&tops,lobster/crabpotsandtops
lobster/crabpots&tops,lobster/crabpots&tops
lobster/crabpots&tops,crab/lobsterpotsandtops
lobster/crabpots&tops,lobster/crabpots
lobsterandfishtags,tags(fishingandindustry)
lobsterandfishtags,lobsterandfishtags
lobsterclawbands,lobsterbands
lobsterclawbands,lobsterclawbands
lollipopsticks&cottonbuds,lollipopsticks&cottonbuds
lollysticks,lollysticks
lumber/buildingmaterial,lumber
lumber/buildingmaterial,buildingmaterials
lumber/buildingmaterial,lumber/buildingmaterial
lumber/buildingmaterial,lumber(processedorcut/milledwood)
macroplastics,macroplastics
magazines,magazines
maskingtape,maskingtape
matches(&fireworks),matches&fireworks
matches(&fireworks),matches(&fireworks)
mattress/foam,mattress/foam
medical/pharmaceuticalscontainers/tubes,medical/pharmeciducalcontainers/tubes
mediumplastics,mediumplastics
meshvegetablebags,meshvegetablebags
meshvegetablebags,meshbags(e.g.vegetable)
meshvegetablebags,"meshbags:fruit,vegetable,shellfish"
meshvegetablebags,meshbags
middlesizecontainers,middlesizecontainers
milkbottle,milkbottle
milkcarton,milkcarton
milkcarton,cartonse.g.tetrapak(milk)
milkcarton,carton/purepack(e.g.milk)
miscellaneousitems,otheritemsofconern/peculiaritems/animals
miscellaneousitems,miscellaneousitems
miscellaneousitems,otherpaperitems(pleasespecifyinotheritembox*)
miscellaneousitems,othertextiles(pleasespecifyinotheritembox*)
miscellaneousitems,otherrubberpieces(pleasespecifyinotheritembox*)
miscellaneousitems,otherplastic/polystyreneitems(pleasespecifyinotheritembox*)
miscellaneousitems,other
miscellaneousitems,other:
miscellaneousitems,other(pleasespecifyortakeaphoto)
miscellaneousitems,other(pleasespecifyortakephoto)
miscellaneousitems,otherfragments
miscellaneousitems,other/unidentified
miscellaneousitems,polystyrene
miscellaneousitems,otherlitteritem
miscellaneousitems,randomdump
miscellaneousitems,otherunknown
miscellaneousitems,misc.foam
miscellaneousitems,misc.paper
miscellaneousitems,otherpaperitems
miscellaneousitems,misc.plastic
miscellaneousitems,miscplastic
miscellaneousitems,misc.recreation
miscellaneousitems,non-plasticitems
miscellaneousitems,otherglassitems
miscellaneousitems,otherplastic/foampackaging
miscellaneousitems,otherplastic/polystyreneitems(identifiable)
miscellaneousitems,plastic
miscellaneousitems,otherwood<50cm
miscellaneousitems,otherwood<50cm(pleasespecifyinotheritembox*)
miscellaneousitems,otherwood>50cm
miscellaneousitems,otherwood>50cm(pleasespecifyinotheritembox*)
miscellaneousitems,otherplasticitems
miscellaneousitems,noidplastic
miscellaneousitems,otherplastic(commentreq.)
miscellaneousitems,otherplasticobjects
miscellaneousitems,otherplastic
miscellaneousitems,"polystyrene(foam,fromesky's.buoysetc.)"
miscellaneousitems,foam
miscellaneousitems,styrofoam<5mm
miscellaneousitems,"styrofoamchunks,large"
miscellaneousitems,"styrofoamchunks,small"
miscellaneousitems,woodshreds
miscellaneousitems,"othermedicalitems(swabs,bandagingetc.)(pleasespecifyinotheritembox*)"
miscellaneousitems,glass
miscellaneousitems,otherglassitems(pleasespecifyinotheritembox*)
monofilamentnet/fiber5-30mm,monofilamentnet/fiber5-30mm
monofilamentnet/fiberlargerthan30mm,monofilamentnetlargerthan30mm
monofilamentnet/fiberupto5mm,monofilamentnet/fiberupto5mm
motorbikes/parts,motorbikes/parts
napkins,nappies
napkins,napkins
napkins,napkins/wipes
netsandpiecesofnet,netpieces
netsandpiecesofnet,netsandpiecesofnet
netsandpiecesofnet,plasticropeandnetting
netsandpiecesofnet<50cm,netsandpiecesofnet<50cm
netsandpiecesofnet<50cm,fishingnet(small;<50cm)
netsandpiecesofnet<50cm,fishingnetandnetpieces<50cm
netsandpiecesofnet>50cm,netsandpiecesofnet>50cm
netsandpiecesofnet>50cm,fishingnet(large;>50cm)
"newspaper,books","paper:books,newspapers,magazines,etc"
"newspaper,books","newspaper,books"
"newspaper,books","paper:books,newspapers,magazines,etc."
newspapers&magazines,newspapers&magazines
newspapers&magazines,newspapers/magazines
non-beveragecontainers/bottles,"otherplasticbottles(oil,bleach,etc.)"
non-beveragecontainers/bottles,non-beveragecontainers/bottles
non-foodrelatedplasticpackaging,non-foodrelatedplasticpackaging
octopuspots,octopusjar
octopuspots,octopuspots
octopuspots,octopustops
oil,oil
oil/tar,oil/tar
oildrums,oildrums
oildrums,"drums,e.g.oil"
oilorpetrolcan,oilorpetrolcan
"otherbottles,containersanddrums","bottles,containeranddrums"
"otherbottles,containersanddrums","otherbottles,containersanddrums"
othercans(<4l),othercans(<4l)
otherfoodcans/wrappers,otherfoodcans/wrappers
otheridentifiableitems,other(specify)
otheridentifiableitems,otheridentifiableitems
otherjugsorcontainers,"misc.jugs,cartons"
otherjugsorcontainers,otherjugsorcontainers
otherjugsorcontainers,otherplasticjugsorcontainers
otherjugsorcontainers,plasticcontainerorjug
"othermedicalitems(swabs,bandagingetc.)","othermedicalitems(swabs,bandaging,adhesiveplasteretc.)"
"othermedicalitems(swabs,bandagingetc.)",medicalwaste(exceptsyringes)
othermixed,othermixed
otherorganicwaste,otherorganicwaste
ovoidpellets<5mm,ovoidpellets<5mm
oysternetsormusselbagsincludingplasticstoppers,oysternetsormusselbagsincludingplasticstoppers
oysternetsormusselbagsincludingplasticstoppers,"nusselsnets,oysternets"
oystertrays(roundfromoystercultures),oystertrays(roundfromoystercultures)
packaging,paperpackaging
packaging,packaging
packaging,styrofoampackaging
packaging,styrofoamcontainer
paintbrushes,paintbrushes
painttins,painttins
pallets,pallets/crates
pallets,pallets
pallets,palletts
pantyliners,pantyliners
paper,otherpaper
paper,paper
paper,otherpaperorlumber
paper,paperdebris
paper,paperfragments
paper,stationary
paper/napkins/tissues,paper/tissue/napkin
paper/napkins/tissues,paper/napkins/tissues
paraffin/wax,paraffinorwax
paraffin/wax,paraffin/wax
parkingtickets&reciepts,parkingtickets&receipts
pegsandchips,pegsandclips
pellet,pellet
pens,pensandpenlids
pens,pens
pens/pencils,pens/pencils
personalcareproducts,personalcareproduct
personalcareproducts,personalcareproducts
personalcareproducts,personalhygiene
personalcareproducts,personalhygieneitems
personalcareproducts,personalcareproductsachets
personalcareproducts,otherpersonalcareproduct
personalcareproducttube,personalcareproductortube
personalcareproducttube,personalcareproducttube
pipes&rebar,pipes(plastic/pvc)
pipes&rebar,pipes&rebar
pipes&rebar,plasticpipeortube
piping,metalpiping
plasters,plasters
plates,styrofoamplates
plates,styrofoamplate
popsiclestick,popsiclestick
pulltabs:beverages,pulltabs
pulltabs:beverages,pulltabs:beverages
reciepts,receipts
reciepts,paperreceipt
reciepts,plastic-coatedreceipt
resinpellets,resinpellets
rigidplasticdisposablefoodandbegerageware,rigidplasticdisposablefoodandbeverageware
rope,rope
rope,plastictraprope
rope,rope(plastic/nylon)
rope,plasticrope
rope,syntheticrope
rope,plasticrope/smallnetpieces
rope,polypropylenerope
rope,otherplasticrope
rope&string,rope&string(cloth)
rope&string,rope/netpieces(non-nylon)
rope&string,"non-plastic(string,twine,rope)"
rope&string,naturalropes
rope&string,"rope,stringandnets"
rope&string,ropeornetpieces(non-nylon)
rope&string,non-nylonrope
rope&string,non-plasticropeandnetting
rope&string,"rope,lineorstring(natural)"
rope/fishingline,rope/fishingline
rope<1meter,ropescraps(smallerthan1m/yd.)
rope<1meter,rope<1meter
rope>1meter,rope(largerthan1meter/yard)
rope>1meter,rope>1meter
ropediameter<1cm,stringandcord(diameterlessthan1cm)
ropediameter<1cm,stringandcorddiameter<1cm
ropediameter>1cm,rope(diametermorethan1cm)
ropediameter>1cm,ropediameter>1cm
ropelarge,ropelarge
ropemedium,ropemedium
ropes/strappingbands,ropes/strappingbands
ropesmall,ropesmall
rubberbands,"rubberbands(small,forkitchen/household/potuse)"
rubberbands,rubberbands
rubberbands,rubberband
sacking,sacking(hessian)
sacking,sacking
sacking,burlapsack
"sails,canvas","canvas,sailcloth&sacking"
"sails,canvas","sails,canvas"
saltpackaging,saltpackaging
sanitaryproduct,othersanitaryitems(pleasespecifyinotheritembox*)
sanitaryproduct,sanitaryproduct
sanitaryproduct,sanitaryitems
sanitaryproduct,sanitaryother
sanitaryproduct,"sanitaries(diapers,etc)"
sanitarytowel/tampon,sanitarytowel/tampon
sanitarytowels,sanitarytowels
saucepacket,saucepacket
scrap/metalappliances/painttins,scrap/metalappliances/painttins
scuba&snorkelgear,scuba&snorkelgear
scubaweights,scubaweights
"sharpneedles,lancets,metalcatheters","sharpneedles,lancets,metalcatheters"
sheeting,sheets
sheeting,sheeting
sheeting,sheet
sheeting,plasticsheeting
sheeting,"industrialpackaging,plasticsheeting"
sheeting,"sheets,industrialpackaging,plasticsheeting"
sheeting,plasticsheetingfrommusselculture(tahitians)
sheeting,plasticsheeting/tape
sheeting,plasticsheets/tarps
"sheeting:tarpaulin,plasticsheets,palettewrap",plasticsheetingortarps
"sheeting:tarpaulin,plasticsheets,palettewrap","sheeting:tarpaulin,plasticsheets,palettewrap"
sheeting<30cm,sheeting<30cm
sheeting>60cm,sheeting>60cm
sheeting30-60cm,sheeting30-60cm
sheetlikeuserpellets,sheetlikeuserplastics
sheetlikeuserplastic(>1mm),sheetlikeuserplastic(>1mm)
shipping/packaging,plasticpackaging
shipping/packaging,shipping/packaging
shoe,shoes
shoe,shoe
shoe,footwear&shoes
shoe,rubberboots
shoe,rubberbootorshoe
shoe,rubberfootwear(sandalsonly)
shoe,plasticshoes&flipflops
shoe,shoes(leather)
shoes/sandals,"shoes,flipflops,sandals,tennis,etc"
shoes/sandals,shoes/sandals
shoes/sandals,"shoes,flipflops,sandals,tennis,etc."
shoes/sandals,"shoesandsandals(e.g.leather,cloth)"
shoppingbagsincl.pieces,shoppingbagsincl.pieces
shoppingtrolleys,shoppingtrolleys
shotguncartridges,shotgunshellsorwadding
shotguncartridges,shotguncartridges
shotguncartridges,shotgunshells/wadding
shotguncartridges,gunshells
shotguncartridges,shotgunwadding&shells
signs/cones,signs/cones
singleuseplasticcarryoutbags,singleuseplasticcarryoutbags
singlueusefoodcontainer,singleusefoodcontainer
"six-packrings,ringcarriers",6-packrings
"six-packrings,ringcarriers","six-packrings,ringcarriers"
"six-packrings,ringcarriers",6-packholders
"six-packrings,ringcarriers",six-packrings
"six-packrings,ringcarriers",6-packholder
"six-packrings,ringcarriers",drinkpackagerings
slack/coal,slack/coal
smallelectronicitems,elecsmall
smallelectronicitems,smallelectronicitems
smallindustrialspheres(<5mm),smallindustrialspheres(<5mm)
"smallplasticbags,e.g.,freezerbags","smallplasticbags,e.g.freezerbagsincl.pieces"
"smallplasticbags,e.g.,freezerbags","smallplasticbags,e.g.freezerbags"
softdrinkbottles,softdrinkother
softdrinkbottles,softdrinkbottles
spheruloidspellets<5mm,spheruloidspellets<5mm
sponge,foamsponge
sportdrinkbottles,sportdrinkbottles
sportsdrink,sportsdrink
strappingbands,strappingband
strappingbands,strappingbands
strappingbands,strapbands
strappingbands,strappingbands(metal)
strappingbands,strappingbands(plastic)
strappingbands,plasticpackagingstraps
strappingbands(closed),strappingbands(closed)
strappingbands(open),strappingbands(open)
strappingbands/zip-ties,strappingbands/zipties
strappingbands/zip-ties,strappingbands/zip-ties
strappingbands/zip-ties,zipties(cableties)
strappingbands/zip-ties,cableties&zipties
straws,plasticstraw
straws,staws
straws,straws
"straws,stirrers",straws/stirrers
"straws,stirrers","straws,stirrers"
"straws,stirrers",strawsandstirrers
"straws,stirrers",strawsorstirrers
"straws,stirrers",straws&stirs
streetfoodbowl,streetfoodbowl
string,plasticstring
string,"plastic(string,twine,rope)"
sunglasses,sunglasses
sweetpapers,sweetwrappers
sweetpapers,sweetpapers
syringes,syringes/needles
syringes,syringes
syringes,syringe
syringes,syringes(cautionifpickingup!)
syringes,syringes(glass)
syringes,syringes(plastic)
tableware,tableware(plates&cups)
tableware,tableware
takeawaycup,takeawaycup
take-outfoodbags,take-outfoodbag
tamponapplicators,tamponapplicators
tampons,tampons
tampons/tamponapplicators,tamponsandtamponapplicators
tampons/tamponapplicators,tampons/tamponapplicators
tampons/tamponapplicators,tamponapplicators/tampons
tampons/tamponapplicators,tampon/applic.
tampons/tamponapplicators,tamponsortamponapplicators
tampons/tamponapplicators,tampons/applicators
tanglednets/cord/ropeandstring,tanglednets/cord
tanglednets/cord/ropeandstring,tanglednets/cord/ropeandstring
tape,tape
telephone(incl.parts),telephone(incl.parts)
thinfilm,thinfilm
thongs,thongs
threadlikeuserpellets,threadlikeuserplastic(>1mm)
threadlikeuserpellets,threadlikeuserplastics
tires,tires/tyres
tires,tires
tires,tire
tires,tyre
tires,tyres
tires,rubbertire
tires,tyreortyrepieces
tobaccopackaging&wrappers,tobaccopackaging/wrap
tobaccopackaging&wrappers,tobaccopackaging&wrappers
tobaccopackaging&wrappers,cigarettebox/wrapper
tobaccopackaging&wrappers,tobaccopouches/plasticcigaretteboxpackaging
tobaccopackaging&wrappers,tobaccopackagingorwrappers
tobaccopackaging&wrappers,cigaretteortobaccopackaging
tobaccopackaging&wrappers,tobaccopkging
tobaccopackaging&wrappers,plasticsmokingpk
tobaccosachets,tobaccosachets
tobaccosachets,othertobaccoproduct
tobaccosachets,tobaccopouch
toiletfresheners,toiletfresheners
toiletpaper,toiletpaper
toiletries,toiletries
toothbrushes,toothbrush
toothbrushes,toothbrushes
toothpick,toothpick
towels/pantyliners/backingstrips,sanitarytowels/pantyliners/backingstrips
towels/pantyliners/backingstrips,towels/pantyliners/backingstrips
towels/rags,towels/rags
towels/rags,"towels,rags"
towels/rags,towelsorrags
towels/rags,towelorrag
towels/rags,towels
towels/rags,towel
toys,toy
toys,toys
toys,toys(plastic)
toys,plastictoy
toys&partypoppers,toysandpartypoppers
toys&partypoppers,toys&partypoppers
"toys,balls","toys,balls"
"toys,balls,partypoppers","toys,balls,partypoppers"
toys/partypoppers/fireworks/dummies,toys/partypoppers/fireworks/dummies
trafficcones,trafficcones
trap,metaltrap
trap,plastictrap
trap/potpieces,traps/potpieces(donotremove)
tubesforfireworks,tubesforfireworks
tyresandbelts,tyresandbelts
tyreswithholes,tyreswithholes
tyreswithoutholes/wheels,tyreswithoutholes/wheels
utensil,utensils
utensil,utensil
utensil,cutlery
utensil,"forks,knives,spoons(cutlery)"
utensil,"forks,knives,spoons"
utensil,plasticutensils
utensil,plasticcutlery
utensil,utensils(plastic)
utensil,plasticutensil
utensil,plastictakeawaycutleryorstirrer
utensil,woodenutensils
"vehicledebris,large",metalvehicleparts
"vehicledebris,large","vehicledebris,large"
"vehicledebris,large",plasticvehicleparts
"vehicledebris,small","vehicledebris,small"
waterbottles,plasticwaterbottle
waterbottles,waterbottles
wetwipes,wetwipe
wetwipes,wetwipes
wetwipes,wipes/oilsorbs
wheels,wheels
winebottle,winebottle
wire,wirepiece
wire,wire
"wire,wiremesh,barbedwire",wire/wiremesh/metalpieces
"wire,wiremesh,barbedwire","wire,wiremesh,barbedwire"
"wire,wiremesh,barbedwire","wire,wiremesh&barbedwire"
woodboards,hardboard/wood
woodboards,woodboards
woodboards,"wood(posts,beams,shiphulls)"
woodentrap,woodentrap
wrappers,foilwrappers
wrappers,wrappers
wrappers,wrappers(foil/metal)
wrappers,mylar(non-recyclable)filmfoodwrappers
wrappers,"foilwrapper,aluminiumfoil"
